Question,Answer
How do I open a bank account?,"You can start the application online if the bank offers digital onboarding or visit the nearest branch. You'll normally need a valid national ID or passport and may be asked for proof of income or address depending on the account type. Once your documents are verified, your account is opened and you'll receive your account details."
Can I open an account with only my national ID?,"For many standard personal accounts, a valid national ID is the primary document required. Depending on regulations and the account you choose, the bank may ask for additional information before activating all services."
When will I receive my debit card?,"Many banks issue cards immediately at selected branches, while others prepare and deliver them within several business days. You'll usually receive a notification when the card is ready for collection or delivery."
I lost my debit card. What should I do?,"Block the card immediately using mobile banking if that option is available. If you cannot access the app, contact customer support as soon as possible so the card can be blocked and a replacement requested. Check your recent transactions and report anything you don't recognize."
I forgot my debit card PIN.,"If your bank supports PIN management through ATMs or mobile banking, you can reset or change it there after verifying your identity. Otherwise, contact customer support or visit a branch for assistance."
Why hasn't my transfer arrived yet?,"Transfers can be delayed by weekends, public holidays, incorrect beneficiary details, compliance checks, or temporary technical issues. If the expected processing time has passed, provide the transfer reference to your bank so they can investigate."
What is an IBAN and where can I find it?,"An IBAN is an international bank account number used to route payments accurately. You can usually find it in your banking app, online banking portal, account statement, or by asking customer support."
I can't log in to the mobile banking app.,"First make sure you're using the correct username and password and that your internet connection is stable. If you've forgotten your credentials, use the password recovery option. If your account is locked, contact the bank to restore access."
How do certificates of deposit work?,"A certificate of deposit lets you invest money for a fixed period in exchange for a predetermined return. Early withdrawal may reduce your earnings depending on the product's terms, so it's worth reviewing the conditions before investing."
How do I request a cheque book?,"You can usually request a cheque book through online banking, the mobile app, customer service, or by visiting a branch. Processing times vary depending on the bank and delivery method."
How can I update my mobile number linked to my bank account?,"You can update your mobile number through a branch or, in some cases, from online or mobile banking after verifying your identity. Once the change is confirmed, future security codes and account notifications will be sent to the new number."
What happens if I enter the wrong PIN several times?,"For security reasons, your card may be temporarily blocked after several incorrect PIN attempts. If this happens, contact your bank or visit a branch to restore access or request a new PIN if necessary."
Can I receive my salary in a bank account?,Yes. Most employers can transfer your salary directly into your bank account. You'll usually need to provide your account number or IBAN to your employer's payroll department.
How do I activate my new debit card?,"Many banks allow you to activate your card through an ATM, mobile banking, or by making your first chip-and-PIN purchase. Follow the activation instructions provided with your card."
What should I do if an ATM keeps my card?,Do not leave the ATM until you have noted its location and any displayed error message. Contact your bank immediately so they can block the card if necessary and arrange for a replacement if it cannot be recovered.
Can I withdraw cash without my debit card?,"Some banks support cardless cash withdrawals through their mobile banking application. If this service is available, you can generate a temporary withdrawal code and use it at compatible ATMs."
Why is my account temporarily frozen?,"An account may be temporarily restricted because of security checks, missing customer information, legal requirements, or unusual transaction activity. Contact your bank to confirm the reason and learn what documents or actions are needed."
How do I download my bank statement?,You can usually download recent statements from your online banking account or mobile app. Statements are often available in PDF format and can be printed or shared electronically when needed.
What is the difference between available balance and current balance?,"Your current balance reflects all recorded transactions on your account. Your available balance shows the amount you can spend immediately after considering pending card payments, holds, or other temporary restrictions."
Can I change my daily ATM withdrawal limit?,"Many banks allow customers to increase or decrease their daily withdrawal limit within approved limits. Depending on the bank, you may be able to do this through the mobile app, online banking, or by contacting customer support."
How do I close my bank account?,"Visit a branch or contact customer support to request account closure. You'll usually need to clear any pending transactions or fees first, and any remaining balance will be transferred or issued to you before the account is officially closed."
Can I have more than one bank account at the same bank?,"Yes, most banks allow customers to hold multiple accounts, such as a savings account alongside a current account. Each account typically has its own terms, fees, and features, so it's worth checking what suits your needs."
How do I set up a standing order or recurring payment?,"You can usually set up a standing order through online banking or the mobile app by specifying the recipient, amount, and frequency. Some banks also allow this to be arranged at a branch or over the phone."
What should I do if I notice an unauthorized transaction?,"Report the transaction to your bank immediately through the app, phone, or a branch visit. The bank may freeze the affected card or account temporarily while investigating and can guide you through any refund process."
How long does an international wire transfer take?,"International transfers typically take one to five business days, depending on the receiving bank, currency, and any intermediary banks involved. Delays can also occur due to compliance checks or incomplete recipient details."
Can I link multiple bank accounts to one mobile banking app?,"Some banking apps support linking accounts from other banks for a consolidated view, while others only display accounts held with that specific bank. Check your app's settings or contact support to see what's available."
What is overdraft protection and how does it work?,"Overdraft protection allows you to make payments even if your account balance is insufficient, up to an approved limit. Interest or fees usually apply to the overdrawn amount, so it's important to review the terms beforehand."
How do I dispute a bank fee I believe was charged incorrectly?,"Contact customer support with details of the charge and explain why you believe it was applied in error. Most banks will review the transaction and, if the fee was incorrect, reverse it within a few business days."
Can I set spending limits on my debit or credit card?,Many banks let you set daily or per-transaction spending limits through the mobile app or online banking. This can help with budgeting or added security if the card is lost or stolen.
How do I update my address with the bank?,"You can typically update your address through online banking, the mobile app, or by visiting a branch with proof of your new address. Keeping this information current helps ensure you receive important account communications."
What happens to my account if I pass away?,"The account is generally frozen until the bank receives official documentation, such as a death certificate and proof of legal authority, from the next of kin or estate executor. The bank can then guide the appropriate next steps."
Can I open a joint bank account with someone else?,"Yes, most banks offer joint accounts that allow two or more people to manage the same account. Each holder usually has equal access, so it's worth discussing responsibilities and agreeing on how the account will be used."
How do I add a beneficiary to my savings account?,"You can usually add a beneficiary through online banking, the mobile app, or by completing a form at a branch. This designates who will receive the account funds under certain circumstances, subject to your bank's policies."
Why was my card declined even though I have sufficient funds?,"Declines can happen due to security holds, incorrect PIN entries, exceeding a spending limit, or the merchant's payment system flagging the transaction. Contact your bank if the issue persists after checking these possibilities."
How do I set up mobile check deposit?,"If your bank supports this feature, you can usually enable it in your mobile app and deposit checks by photographing the front and back. Funds may take a day or two to become fully available."
Can I convert my savings account into a fixed deposit?,"Many banks allow you to move funds from a savings account into a fixed deposit product, often through the app or by visiting a branch. Terms such as interest rate and lock-in period will depend on the product chosen."
What identification do I need to make a large cash withdrawal?,"For larger withdrawals, banks may require a valid ID and could ask about the purpose of the withdrawal as part of standard compliance procedures. It's a good idea to notify your bank in advance for very large amounts."
How do I report a scam or phishing attempt involving my bank?,"Contact your bank's official fraud or security line right away and avoid clicking any links from suspicious messages. Do not share your PIN, password, or one-time codes with anyone, including people claiming to be bank staff."
Can I use my debit card abroad?,"Most debit cards work internationally, but it's a good idea to inform your bank before traveling to avoid unexpected blocks. Check for foreign transaction fees and confirm your card supports the payment networks used in your destination."
How do I check if a transaction is still pending or fully processed?,"You can view transaction status through your online banking or mobile app, where pending transactions are usually marked separately from completed ones. Processing times vary depending on the type of transaction and the merchant."
What is a SWIFT code and when do I need it?,"A SWIFT code identifies a specific bank during international transactions, helping ensure funds are routed correctly. You'll typically need it when sending or receiving money from a bank in a different country."
Can I reopen a bank account after closing it?,"Some banks allow you to reopen a previously closed account within a certain time frame, while others require you to open a new account entirely. Contact customer support to find out what options are available."
How do I change my registered email address for banking alerts?,You can usually update your email address through online banking settings or by visiting a branch with identification. This ensures you continue receiving important notifications about your account.
What should I do if my mobile banking app keeps crashing?,"Try updating the app to the latest version, restarting your device, or reinstalling the app if the problem continues. If none of these steps help, contact your bank's technical support team for further assistance."
Can I get a loan through my bank account provider?,"Many banks offer personal loans to existing customers, often with eligibility based on your account history and income. You can typically check your eligibility and apply through the mobile app, online banking, or a branch."
How do I set up two-factor authentication for online banking?,"Most banks let you enable two-factor authentication in your account security settings, often using a text message code, authentication app, or biometric verification. This adds an extra layer of protection to your account."
What is the difference between a debit card and a credit card?,"A debit card draws directly from funds in your bank account, while a credit card allows you to borrow money up to an approved limit that must be repaid, often with interest if not paid in full."
Can I schedule a future-dated payment through my bank?,"Yes, many banks allow you to schedule payments for a future date through online banking or the mobile app. The payment will be processed automatically on the date you select, provided sufficient funds are available."
How do I find the nearest ATM or branch?,Most banking apps include a branch and ATM locator that uses your device's location to show nearby options. You can also check the bank's website or contact customer support for locations in your area.
What should I do if I receive a bank statement with an error?,"Contact customer support as soon as possible with details of the discrepancy, including the transaction date and amount. The bank will investigate and correct any confirmed errors, which may take a few business days."
How do I find my account number?,"Your account number is usually printed on your bank statement, checkbook, or visible within your online banking or mobile app under account details. You can also contact customer support to confirm it."
Can I deposit cash at an ATM?,"Many banks offer ATMs that accept cash deposits, allowing you to insert bills directly and have the amount credited to your account, often within the same day. Availability depends on your bank and the specific ATM location."
What is a minimum balance requirement?,Some accounts require you to maintain a minimum balance to avoid monthly fees or to keep certain benefits active. Check your account terms or online banking to see if this applies to you.
How do I set up direct deposit for my paycheck?,"Provide your employer with your account number and routing or IBAN details, usually found in your online banking portal. Direct deposits typically begin within one or two pay cycles after setup."
Can I freeze my own card temporarily?,"Most mobile banking apps let you temporarily freeze a lost or misplaced card with a single tap, preventing new transactions until you unfreeze it or report it lost permanently."
How do I know if a bank email or message is legitimate?,"Legitimate banks generally never ask for your full password or PIN by email or text. If a message seems suspicious, contact your bank directly using the number on your card rather than replying or clicking links."
What happens if I overdraw my account without overdraft protection?,"Without overdraft protection, a transaction may simply be declined, or the bank may charge a fee for processing it anyway, depending on their policy. Check your account terms to understand what applies."
Can I change the currency of my bank account?,"Some banks offer multi-currency accounts or the ability to open accounts in different currencies, while others require you to open a separate account. Contact your bank to see what options are available."
How do I get a proof of account ownership letter?,"You can request a proof of account letter through online banking, the mobile app, or by visiting a branch. This document typically confirms your name, account number, and account status for official purposes."
What is the difference between a savings account and a current account?,"A savings account is generally designed for storing money and may earn interest, while a current account is used for everyday transactions like bill payments and purchases, often without earning interest."
Can I pay bills directly through my bank app?,"Many banking apps let you add billers and pay utilities, subscriptions, or other recurring charges directly from your account. You can often schedule these payments in advance for convenience."
How do I check my account activity without logging into the app?,Some banks offer SMS or automated phone banking services that let you check your balance and recent transactions without accessing the app. Availability varies by bank and region.
What should I do if I suspect identity theft related to my bank account?,Contact your bank immediately to secure your account and consider placing alerts with credit bureaus if available in your country. Keep records of any suspicious activity to assist with the investigation.
Can I have a bank account without a physical branch visit?,"Many banks now offer fully digital account opening through their website or app, requiring only identity verification online. Availability depends on the bank and local regulations."
How do I transfer money between my own accounts at different banks?,"You can typically set up an external transfer through online banking by adding the other bank's account details, or use a linked payment service. Processing times vary depending on the banks involved."
What is a hold on funds and why does it happen?,"A hold temporarily restricts access to a deposited amount, often used for large checks or new accounts, to allow time for verification. Holds are usually lifted automatically after a set number of business days."
Can I get a replacement card with the same account number?,"Yes, a replacement card is generally linked to your existing account, but the card number itself will usually change for security reasons. Your account number and existing funds remain unaffected."
How do I close a joint account if one holder is unavailable?,"Closing a joint account typically requires agreement or authorization from all account holders. If one is unavailable, contact the bank to discuss the specific requirements or documentation needed."
What fees might I be charged for using an ATM outside my bank's network?,"Using an out-of-network ATM often incurs a fee from either your own bank, the ATM operator, or both. Check your account terms or app for details on applicable charges before withdrawing."
Can I set up alerts for low balances or large transactions?,"Most banking apps allow you to customize notifications for events like low balances, large purchases, or international transactions. These alerts can help you monitor your account and catch unusual activity quickly."
